,Movie,Days,Shows
0,1 AM,5,5
1,10 CLOVERFIELD LANE,14,14
2,10 ENDRADHUKKULLA,20,57
3,100 DAYS OF LOVE,35,43
4,13 HOURS THE SECRET SOLDIERS OF BENGHAZI,7,14
5,143,4,4
6,144,21,37
7,1920 LONDON,20,20
8,1971 BEYOND BORDERS,4,4
9,2 COUNTRIES,14,14
10,2 PENKUTTIKAL,3,3
11,24,48,116
12,31ST OCTOBER,7,7
13,36 VAYADHINILE,56,92
14,54321,7,7
15,7 HOURS TO GO,6,6
16,7 NAATKKAL,11,11
17,8 THOTTAKKAL,35,41
18,A AA,15,21
19,A BAD MOMS CHRISTMAS,14,14
20,A DOGS PURPOSE,41,41
21,A FLYING JATT,8,15
22,A GENTLEMAN,14,24
23,AADU,7,7
24,AAGAM,5,5
25,AAMBALA,29,80
26,AANANDAM,7,7
27,AANDAVAN KATTALAI,49,116
28,AARAM VETTRUMAI,2,2
29,AARATHU SINAM,21,51
30,AAVIKUMAR,4,4
31,AAYA VADA SUTTA KATHAI,7,7
32,AAYIRATHIL ORUVAN,1,1
33,AB TAK CHHAPPAN 2,7,16
34,ABCD 2,35,53
35,ABY,6,8
36,ACHA DHIN,5,5
37,ACHAARAM,2,2
38,ACHAMINDRI,21,32
39,ACHAYANS,7,7
40,ACHCHAM ENBADHU MADAMAIYADA,61,160
41,ACHCHAM YENBADHU MADAMAIYADA,14,73
42,ACTION HERO BIJU,49,59
43,ADAM JOAN,7,7
44,ADHAGAPPATTATHU MAGAJANANGALAY,3,3
45,ADHAYAN,2,2
46,ADI KAPPYARE KOOTTAMANI,5,7
47,ADIDA MELAM,3,3
48,ADIMAIPENN,7,7
49,ADRA MACHAN VISILU,8,9
50,AE DIL HAI MUSHKIL,42,135
51,AFTERMATH,7,7
52,AIRLIFT,42,70
53,AIVARATTAM,7,7
54,AKHIL,9,16
55,AKIRA,14,23
56,AKSAR 2,7,9
57,ALAMARA,7,9
58,ALICE THROUGH THE LOOKING GLASS,21,21
59,ALIEN COVENANT,7,14
60,ALIGARH,7,7
61,ALL EYEZ ON ME,7,7
62,ALLIED,6,19
63,ALVIN AND THE CHIPMUNKS THE ROAD CHIP,10,15
64,AMAR AKBAR ANTHONY,42,44
65,AMEERPETA LO,2,2
66,AMERICAN ASSASSIN,7,9
67,AMERICAN MADE,19,45
68,AMERICAN SNIPER,56,61
69,AMI TUMI,7,7
70,AMMA KANAKKU,12,26
71,AMMANI,2,2
72,AN INCONVENIENT SEQUEL TRUTH TO POWER,7,7
73,ANAARKALI OF AARAH,7,7
74,ANANDO BRAHMA,6,8
75,ANARKALI,11,11
76,ANBANAVAN ASARATHVAN ADANGATHAVAN,10,34
77,ANDHADHI,7,7
78,ANDHAGAADU,7,7
79,ANEGAN,48,140
80,ANGAMALY DIARIES,35,38
81,ANGRY INDIAN GODDESSES,19,23
82,ANJALA,7,9
83,ANNA,4,4
84,ANNABELLE CREATION,61,119
85,ANNABELLE CREATION PAID PREMIERE,2,4
86,ANNMARIYA KALIPPILANNU,7,7
87,ANT MAN,7,18
88,ANTHA MAAN,7,7
89,ANURAGA KARIKKIN VELLAM,7,16
90,APPA,63,96
91,APPATLO OKADUNDEVAADU,7,7
92,APPAVUM VEENJUM,2,2
93,ARAM,18,53
94,ARANMANAI 2,35,75
95,ARJUN REDDY,21,44
96,ARRIVAL,59,94
97,ARTHANAARI,7,7
98,ASSASSINS CREED,13,30
99,ASTERIX THE MANSION OF THE GODS,14,18
100,ATADUKUNDAM RAA,5,5
101,ATHEY KANGAL,43,63
102,ATOMIC BLONDE,13,13
103,ATTI,4,4
104,ATTU,7,7
105,AVAL,24,89
106,AVAN AVAL,6,6
107,AVENGERS AGE OF ULTRON,68,176
108,AVIYAL,14,23
109,AYIRATHIL IRUVAR,5,5
110,AZHAGU KUTTI CHELLAM,7,7
111,AZHAHENDRA SOLLUKKU AMUDHA,2,2
112,AZHAR,20,28
113,BAABU BANGAARAM,20,30
114,BAADSHAHO,7,16
115,BAAGHI,14,30
116,BAAHUBALI 2 HINDI,35,84
117,BAAHUBALI 2 TAMIL,101,437
118,BAAHUBALI 2 TELUGU,35,90
119,BAAHUBALI TAMIL,48,85
120,BAAHUBALI TELUGU,21,64
121,BAAR BAAR DEKHO,13,27
122,BAARAAT COMPANY,3,3
123,BAASHHA,6,11
124,BABUMOSHAI BANDOOKBAAZ,7,7
125,BABY,58,93
126,BABY DRIVER,31,54
127,BACHCHE KACHCHE SACHCHE,3,3
128,BAD MOMS,49,60
129,BADLAPUR,21,39
130,BADMASHIYAAN,7,7
131,BADRINATH KI DULHANIA,28,58
132,BAIRAVAA,29,105
133,BAJIRAO MASTANI,70,137
134,BAJRANGI BHAIJAAN,14,53
135,BALE VELLAYA THEVA,14,43
136,BANGALORE NAATKAL,21,53
137,BANJO,7,14
138,BANK CHOR,7,20
139,BAREILLY KI BARFI,49,61
140,BASHEERINTE PREMALEKHANAM,4,4
141,BATMAN V SUPERMAN DAWN OF JUSTICE,35,106
142,BATMAN V SUPERMAN DAWN OF JUSTICE PAID PREMIER,1,8
143,BAYAM ORU PAYANAM,14,14
144,BAYAMA IRUKKU,7,7
145,BAYWATCH,29,38
146,BEAUTY AND THE BEAST,55,77
147,BEFIKRE,21,52
148,BEFORE I FALL,7,9
149,BEGUM JAAN,14,21
150,BEHEN HOGI TERI,7,7
151,BEIIMAAN LOVE,7,7
152,BEN HUR,7,14
153,BENCH TALKIES,13,18
154,BENGAL TIGER,8,17
155,BERLIN SYNDROME,7,7
156,BHAAG JOHNNY,1,1
157,BHALE BHALE MAGADIVOI,1,1
158,BHALE MANCHI ROJU,14,14
159,BHASKAR THE RASCAL,14,16
160,BHOOLOHAM,29,84
161,BHOOMI,5,12
162,BIG GAME,7,9
163,BILLY LYNNS LONG HALFTIME WALK,7,14
164,BIRDMAN,42,59
165,BLACK AND WHITE,2,2
166,BLACK AND WHITE THE DAWN OF JUSTICE,5,5
167,BLACK MASS,9,9
168,BLIND DATE,116,117
169,BLUE MOUNTAINS,5,5
170,BOBBY,6,8
171,BOGAN,29,92
172,BOLLIWOOD DIARIES,4,4
173,BOMBAY VELVET,13,22
174,BONGU,14,14
175,BRAHMOTSAVAM,14,23
176,BRAN NUE DAE,2,2
177,BRIDGE OF SPIES,26,28
178,BRIDGET JONES S BABY,14,14
179,BRINDHAAVANAM,28,44
180,BROKEN HORSES,8,8
181,BRUCE LEE,6,6
182,BRUCE LEE THE FIGHTER,5,7
183,BUDHIA SINGH BORN TO RUN,7,7
184,BURNT,21,27
185,BUS 657,6,8
186,C/O SAIRA BANU,5,7
187,CALENDAR GIRLS,2,2
188,CAPTAIN AMERICA CIVIL WAR,34,104
189,CAROL,7,9
190,CARS 3,31,46
191,CENTRAL INTELLIGENCE,14,23
192,CHALK N DUSTER,7,10
193,CHAPPIE,20,32
194,CHARLES SHAFFIQ KARTHIGA,2,2
195,CHARLIE,35,49
196,CHAURANGA,5,5
197,CHENNAI 600028 II,34,89
198,CHENNAI UNGALAI ANBUDAN VARAVERKIRATHU,3,3
199,CHENNAIYIL ORU NALL 2,16,16
200,CHHOTA BHEEM HIMALAYAN ADVENTURE,6,14
201,CHINNADANA NEE KOSAM,1,2
202,CHIPS,7,7
203,CHUNKZZ,4,4
204,CINDERELLA,42,54
205,CLINT,7,7
206,COCO,3,6
207,COFFEE WITH D,8,8
208,COLLATERAL BEAUTY,7,16
209,COLOSSAL,5,5
210,COMRADE IN AMERICA,7,7
211,CREED,48,63
212,CRIMSON PEAK,21,26
213,DADDY,7,7
214,DADDYS HOME,5,12
215,DANGAL,77,192
216,DARLING,36,86
217,DARLING 2,13,29
218,DARVINTE PARINAMAM,5,7
219,DAYS OF TAFREE,7,7
220,DEADPOOL,41,72
221,DEAR DAD,6,8
222,DEAR ZINDAGI,48,87
223,DEEPAK SHIVDASANIS JULIE 2,4,4
224,DEEPWATER HORIZON,7,9
225,DEMONIC,21,21
226,DEMONTE COLONY,53,104
227,DESIERTO,7,7
228,DESPICABLE ME 3,65,96
229,DETECTIVE BYOMKESH BAKSHY,21,34
230,DEVI,35,84
231,DHANAK,7,7
232,DHARAM SANKAT MEIN,14,14
233,DHARANI,4,4
234,DHARMADURAI,28,51
235,DHAYAM,5,5
236,DHILLUKU DHUDDU,21,58
237,DHRUVA,14,29
238,DHURUVANGAL PATHINAARU,100,180
239,DICTATOR,7,11
240,DIL DHADAKNE DO,53,93
241,DILWALE,27,90
242,DIRTY DEEDS,1,1
243,DIRTY POLITICS,7,7
244,DISHOOM,21,35
245,DND SHOW  IT,1,1
246,DND SHOW ARAM,1,1
247,DND SHOW JUDWAA 2,1,1
248,DND SHOW LOVING VINCENT,1,1
249,DND SHOW MERSAL,1,1
250,DND SHOW NEWTON,1,1
251,DND SHOW QARIB QARIB SINGLLE,1,1
252,DND SHOW VICTORIA AND ABDUL,1,1
253,DO LAFZON KI KAHANI,7,8
254,DOCTOR STRANGE,68,140
255,DOHCHAY,7,14
256,DOLLY KI DOLI,13,13
257,DONT BREATHE,36,78
258,DORA,21,51
259,DRAGON BLADE,6,12
260,DUM LAGA KE HAISHA,55,78
261,DUNKIRK,41,88
262,DUVVADA JAGANNADHAM,17,41
263,EETTI,34,60
264,EK HASEENA THI EK DEEWANA THA,3,3
265,EK PAHELI LEELA,7,14
266,ELI,13,21
267,EMOJI MOVIE,7,14
268,EN AALODA SERUPPA KAANOM,4,4
269,EN VAZHI THANIE VAZHI,7,7
270,ENAKKU INNORU PER IRUKU,19,42
271,ENAKKU VAAITHA ADIMAIGAL,8,15
272,ENAKKUL ORUVAN,27,64
273,ENBATHETTU 88,6,6
274,ENGEYUM NAAN IRUPEN,2,2
275,ENGITTA MODHATHE,7,7
276,ENNAMA KADHAUDRANUNGA,2,2
277,ENNODU VILAIYADU,7,7
278,ENNU NINTE MOIDEEN,40,46
279,ENNUL AAYIRAM,7,7
280,ENNUM EPPOZHUM,14,14
281,ENTOURAGE,13,20
282,ETTU THIKKUM MATHAYAANAI,4,4
283,EVEREST,40,44
284,EVERYTHING EVERYTHING,7,7
285,EXPRESS RAJA,14,18
286,EYE IN THE SKY,14,14
287,EZRA,15,17
288,FAN,21,95
289,FANTASTIC BEASTS AND WHERE TO FIND THEM,55,112
290,FAST AND  FURIOUS 8,51,101
291,FAST AND FURIOUS 7,43,149
292,FIDAA,21,47
293,FINDING DORY,35,76
294,FIREMAN,7,7
295,FITOOR,14,21
296,FOCUS,20,40
297,FORCE 2,20,48
298,FOXCATCHER,6,8
299,FREAKY ALI,14,23
300,FUDDU,5,5
301,FUKRI,6,8
302,GABBAR IS BACK,28,61
303,GARUDA VEGA,11,11
304,GAUTAMIPUTRA SATAKARNI,22,42
305,GEMINI GANESHANUM SURULI RAJANUM,14,29
306,GEORGETTANS POORAM,2,2
307,GEOSTORM,14,41
308,GETHU,29,76
309,GHAYAL ONCE AGAIN,14,14
310,GHAZI,47,63
311,GHOST IN THE SHELL,7,7
312,GHOSTBUSTERS,21,28
313,GODHA,2,2
314,GODS OF EGYPT,14,23
315,GOING IN STYLE,7,7
316,GOLMAAL AGAIN,39,104
317,GOOSEBUMPS,11,24
318,GOPALA GOPALA,26,38
319,GOWTHAM NANDA,7,14
320,GREAT GRAND MASTI,7,21
321,GUARDIANS OF THE GALAXY VOL 2,34,64
322,GUARDIANS THE SUPERHEROES,7,7
323,GUDDU KI GUN,7,7
324,GUDDU RANGEELA,7,7
325,GUEST IIN LONDON,7,7
326,GUNTURODU,6,6
327,GURGAON,4,4
328,GURU,7,7
329,GURU SUKRAN,1,1
330,GURU UCHATHTHULA IRUKKARU,2,2
331,HACKSAW RIDGE,27,36
332,HALF GIRLFRIEND,21,30
333,HAMARI ADHURI KAHANI,14,21
334,HANUMAN DA DAMDAAR,14,14
335,HAPPY BHAG JAYEGI,42,70
336,HAPPY WEDDING,5,5
337,HARA HARA MAHADEVAKI,19,75
338,HARAAMKHOR,12,12
339,HARAM,6,6
340,HASEENA PARKAR,5,11
341,HATE STORY 3,14,30
342,HAWAIZAADA,6,6
343,HE NAMED ME MALALA,4,4
344,HEBBULI,6,6
345,HELLO NAAN PEI PESUREN,28,59
346,HEY BRO,10,10
347,HIDDEN FIGURES,28,35
348,HIND KA NAPAK KO JAWAB MSG LION HEART 2,2,2
349,HINDI MEDIUM,52,75
350,HOME,28,39
351,HONEYBEE 2 CELEBRATIONS,5,5
352,HOTEL TRANSYLVANIA 2,42,55
353,HOUSEFULL 3,42,76
354,HOW TO BE SINGLE,7,14
355,HOWL,14,14
356,HYPER,7,16
357,I,78,372
358,ICE AGE COLLISION COURSE,94,133
359,IDHU NAMMA AALU,50,95
360,IN THE HEART OF THE SEA,41,66
361,INAIYA THALAIMURAI,2,2
362,INAYATHALAM,7,8
363,INDEPENDENCE DAY RESURGENCE,28,40
364,INDIA PAKISTAN,34,85
365,INDRAJITH,3,12
366,INDRU NETRU NAALAI,31,54
367,INDU SARKAR,6,6
368,INFERNO,27,46
369,INIYA ULAVAGA,2,2
370,INJI IDUPAZHAGI,27,56
371,INNIMEY IPPADITHAN,20,48
372,INSIDE OUT,35,69
373,INSIDIOUS CHAPTER 3,29,54
374,INSURGENT,13,16
375,INTLO DEYYAM NAKEM BHAYAM,5,5
376,IPPADAI VELLUM,17,49
377,IRADA,6,6
378,IRAIVI,28,60
379,IRUDHI SUTTRU,49,109
380,IRUMUGAN,36,120
381,ISAI,14,50
382,ISHQ FOREVER,4,4
383,ISM,7,14
384,IT,40,70
385,IT FOLLOWS,14,21
386,ITTEFAQ,21,30
387,IVAN THANTHIRAN,24,53
388,IVAN YARENDRU THERIKIRATHA,3,3
389,IVANUKU THANILA GANDAM,11,16
390,JAB HARRY MET SEJAL,20,57
391,JACK REACHER NEVER GO BACK,7,30
392,JACKIE,7,7
393,JACKSON DURAI,21,41
394,JACOBINTE SWARGARAJYAM,35,42
395,JAGGA JASOOS,28,44
396,JAI GANGAAJAL,20,27
397,JAI LAVA KUSA,20,40
398,JAMES BOND,3,3
399,JANATHA GARAGE,7,19
400,JASON BOURNE,28,46
401,JAYA JANAKI NAYAKA,13,20
402,JAYAMMU NISCHAYAMMU RA,6,6
403,JAZBAA,7,16
404,JIL,6,12
405,JIL JUNG JUK,14,35
406,JITHAN 2,14,14
407,JO ACHYUTHANANDA,13,17
408,JOHN WICK CHAPTER 2,21,25
409,JOKER,41,53
410,JOLLY LLB 2,21,54
411,JOMONTE SUVISESHANGAL,28,35
412,JOY,14,15
413,JUDWAA 2,21,38
414,JUGNI,2,2
415,JULIEUM 4 PERUM,2,2
416,JUMBULINGAM,12,12
417,JUNOONIYAT,7,16
418,JUPITER ASCENDING,21,39
419,JURASSIC WORLD,50,102
420,JUSTICE LEAGUE,13,47
421,JYOTHILAKSHMI,2,2
422,KA KA KA PO,2,2
423,KAABIL,30,87
424,KAAGAZ KE FOOLS,4,4
425,KAAKI SATTAI,34,93
426,KAASHMORA,34,104
427,KAATRUVELIYIDAI,21,98
428,KAAVAL,7,7
429,KABALI,84,449
430,KADAISI BENCH KARTHI,7,7
431,KADALAI,6,6
432,KADAMBAN,21,47
433,KADAVUL IRUKAAN KUMAARU,24,81
434,KADAVUL PAATHI MIRUGAM PAATHI,7,7
435,KADHAL KAN KATTUTHE,7,7
436,KADHAL KASAKKUTHAYA,7,7
437,KADHALUM KADANTHU POGUM,28,80
438,KADHANAYAGAN,14,28
439,KADUGU,14,19
440,KAGITHA KAPPAL,4,4
441,KAHAANI 2,35,76
442,KAKKA MUTTAI,52,116
443,KALAM,14,14
444,KALATHUR GRAMAM,7,7
445,KALI,20,27
446,KALLAPPADAM,9,9
447,KALLATTAM,7,14
448,KALYANA VAIBHOGAME,14,18
449,KAMARA KATTU,7,7
450,KAMMATIPAADAM,7,7
451,KANAL,7,7
452,KANAVU VARIYAM,13,13
453,KANCHANA 2,42,152
454,KANCHE,8,11
455,KANDAEN KADHAL KONDAEN,2,2
456,KANITHAN,48,69
457,KANLA KAASA KATAPPA,6,8
458,KANNA PINNA,7,7
459,KAPOOR AND SONS,35,73
460,KAPPAL,22,56
461,KARAIYORUM,7,7
462,KARUPPAN,19,84
463,KASABA,7,15
464,KATAMARAYUDU,7,7
465,KATHA SOLLA POROM,7,7
466,KATHAKALI,29,73
467,KATHALO RAJAKUMARI,4,4
468,KATHAM KATHAM,14,22
469,KATHIRAVANIN KODAI MAZHAI,2,2
470,KATHTHI SANDAI,20,59
471,KATHUKKUTTY,23,23
472,KATTAPPANAYILE RITHWIK ROSHAN,10,20
473,KATTAPPAVA KANOM,7,14
474,KATTI BATTI,9,10
475,KAVALAI VENDAM,22,54
476,KAVAN,42,98
477,KAYAL,13,30
478,KESHAVA,2,2
479,KHAIDI NO 150,22,44
480,KHAMOSHIYAN SILENCES HAVE SECRETS,6,6
481,KI AND KA,35,81
482,KIDA POOSARI MAGUDI,6,6
483,KIDAARI,28,42
484,KILLADI,6,6
485,KING ARTHUR LEGEND OF THE SWORD,21,28
486,KINGSMAN THE GOLDEN CIRCLE,15,30
487,KINGSMAN THE SECRET SERVICE,34,70
488,KIRIK PARTY,6,6
489,KIRUMI,9,9
490,KIS KISKO PYAAR KAROON,16,16
491,KITTU VUNNADU JAGRTHA,7,7
492,KL 10 PATHU,2,2
493,KO 2,27,42
494,KODI,28,86
495,KODITTA IDANGALAI NIRAPPUGA,26,48
496,KOHINOOR,1,1
497,KOMBAN,37,146
498,KONG SKULL ISLAND,28,64
499,KOOTATHIL ORUTHAN,14,28
500,KRISHNA GAADI VEERA PREMA GAADHA,14,16
501,KRISHNAMMA KALIPINDI EIDDARINI,4,4
502,KRISHNASHTAMI,7,9
503,KSHANAM,22,26
504,KUCH KUCH LOCHA HAI,7,7
505,KUMARI 21F,14,18
506,KUNG FU PANDA 3,35,73
507,KUNG FU YOGA,14,22
508,KURANGU BOMMAI,21,33
509,KUTRAMAE THANDANAI,14,33
510,KUTTRAM 23,35,84
511,KUTTRAM KADITHAL,25,27
512,KYA KOOL HAIN HUM 3,14,22
513,LA LA LAND,112,142
514,LACHHIMDEVIKI OH LEKKUNDHI,6,6
515,LALI,2,2
516,LALILAA O LAILAA,7,7
517,LEELA,7,7
518,LEGEND,4,6
519,LEGENDARY AMAZONS,2,2
520,LENS,35,35
521,LIE,7,7
522,LIFE,21,28
523,LIFE OF JOSOOTTY,1,1
524,LIGHTS OUT,42,80
525,LINGAA,13,33
526,LION,43,54
527,LIPSTICK UNDER MY BURKHA,46,89
528,LIVE BY NIGHT,20,20
529,LODUKKU PANDI,2,2
530,LOFAR,7,8
531,LOGAN,21,54
532,LOGAN LUCKY,20,31
533,LONDON HAS FALLEN,28,39
534,LORD LIVINGSTONE 7000 KANDI,5,5
535,LOVE 24 X 7,4,4
536,LOVE EXCHANGE,4,4
537,LOVE GAMES,6,6
538,LOVE ICON,3,3
539,LOVE ROSIE,14,16
540,LOVESHHUDA,7,7
541,LOVING VINCENT,13,13
542,LUCKNOW CENTRAL,6,12
543,MAALAI NERATHU MAYAKKAM,21,25
544,MAANAGARAM,56,108
545,MAAPLA SINGAM,14,21
546,MAARI,13,49
547,MAATR,7,7
548,MACHINE,7,7
549,MAD MAX,3,3
550,MAD MAX FURY ROAD,49,84
551,MADAARI SSHHH DESH SO RAHA HAI,21,21
552,MAGALIR MATTUM,33,109
553,MAHABALIPURAM,14,28
554,MAHANUBHAVUDU,18,40
555,MAHESHINTE PRATHIKAARAM,7,7
556,MAIEM,5,5
557,MAIN AUR CHARLES,10,16
558,MAJNU,14,23
559,MAMA MANCHU ALLUDU KANCHU,8,8
560,MANADHIL ORU MAATRAM,2,2
561,MANALL KAYIRU 2,14,16
562,MANITHAN,41,119
563,MARAGATHANANAYAM,38,65
564,MARAPACHI,2,2
565,MARGARITA WITH A STRAW,35,41
566,MARIYAM MUKKU,7,7
567,MARUTHU,20,37
568,MASAAN,5,5
569,MASALA PADAM,12,21
570,MASSU ENGIRA MASILAMANI,21,93
571,MASTIZAADE,21,25
572,MAVEERAN KITTU,20,40
573,MAYA,40,60
574,MAZE RUNNER THE SCORCH TRIALS,10,11
575,ME BEFORE YOU,21,23
576,MEAGHAMANN,14,48
577,MECHANIC RESURRECTION,15,24
578,MEDA MEEDA ABBAI,6,6
579,MEEN KUZHANBUM MANN PANNAYUM,13,36
580,MEENDUM ORU KADHAL KADHAI,56,66
581,MEERA JAKIRATHAI,2,2
582,MEESAIYAH MURUKKU,34,79
583,MEOW,7,7
584,MERI PYAARI BINDU,14,21
585,MERSAL,40,367
586,METRO,28,42
587,MEYADHA MAAN,30,84
588,MINIONS,23,33
589,MIRROR GAME,7,7
590,MIRUTHAN,34,62
591,MIRZYA,7,19
592,MISS PANNEDATHEENGA APPURAM VARUTHAPADUVEENGA,2,2
593,MISS PEREGRINES HOME FOR PECULIAR CHILDREN,12,12
594,MISS TANAKPUR HAAZIR HO,7,7
595,MISTER,7,11
596,MO,13,18
597,MOANA,39,67
598,MOH MAYA MONEY,6,6
599,MOHENJO DARO,20,46
600,MOM,35,67
601,MONEY MONSTER,13,26
602,MOONDRAAM ULLAGA POR,4,4
603,MOONE MOONU VARTHAI,6,6
604,MORTDECAI,6,6
605,MOTHERS DAY,7,7
606,MOTTA SIVA KETTA SIVA,29,67
607,MOTU PATLU KING OF KINGS,7,9
608,MR CHURCH,6,6
609,MS DHONI THE UNTOLD STORY,28,90
610,MSG 2 THE MESSENGER,3,3
611,MSG THE MESSENGER,5,5
612,MUBARAKAN,27,48
613,MUDINJA IVANA PUDI,7,7
614,MUNNA MICHAEL,7,16
615,MUNTHIRIVALLIKAL THALLIRKKUMBOL,14,32
616,MUPPARIMANAM,7,13
617,MURDER ON THE ORIENT EXPRESS,6,12
618,MURUGAVEL,5,5
619,MUTHINA KATHIRIKA,19,26
620,MUTHURAAMALINGAM,5,10
621,MY BRILLIANT CAREER,1,1
622,MY LITTLE PONY,7,9
623,MYTHRI,2,2
624,Mr X,7,16
625,NAALU PERUKKU NALLATHUNA ETHUVUME THAPPILA,4,4
626,NAALU POLISUM NALLAIRUNTHA OORUM,7,12
627,NAAM SHABANA,28,30
628,NAAN YAAR,7,7
629,NAANNAKU PREMATHO,23,29
630,NAANUM ROWDYDHAAN,58,155
631,NAAYAGI,7,7
632,NADHIKAL NANAIVADHILLAI,4,4
633,NAGARA VARITHI NADUVIL NJAAN,7,7
634,NAMADHU,7,7
635,NAMBIYAAR,13,22
636,NANAIYATHA MAZHAIYE,2,2
637,NANI GENTLEMAN,28,34
638,NANNBENDA,36,113
639,NARATHAN,6,6
640,NARUDA DONORUDA,6,6
641,NATPADHIGAARAM 79,7,7
642,NAVARASA THILAGAM,7,7
643,NAYYAPPUDAI,6,6
644,NBK LION,7,15
645,NEE ENBATHU,2,2
646,NEERJA,49,92
647,NEETHAN RAJA,2,2
648,NENE RAJU NENE MANTRI,13,17
649,NENJIL THUNIVIRUNTHAL,7,13
650,NENU LOCAL,21,32
651,NENU SHAILAJA,13,23
652,NERUPPUDA,13,27
653,NERVE,6,6
654,NEWTON,14,27
655,NH 10,33,54
656,NIBUNAN,27,43
657,NIGHT AT THE MUSEUM SECRET OF THE TOMB,14,32
658,NIL BATTEY SANNATTA,21,21
659,NINAITHATHAI MUDIPPAVAN,2,2
660,NINE LIVES,7,16
661,NINNU KORI,21,32
662,NIRMALA CONVENT,6,8
663,NISABDHAM,7,7
664,NJANDUKALUDE NATTIL ORIDAVELA,20,27
665,NOOR,7,16
666,NOW YOU SEE ME 2,36,46
667,O KADHAL KANMANI,55,155
668,OFFICE CHRISTMAS PARTY,7,13
669,OK JAANU,27,53
670,OKA AMMAYI THAPPA,6,6
671,OM NAMO VENKATESAYA,7,15
672,OM SHANTHI OM,7,7
673,ONBATHILRINDHU PATHU VARAI,2,2
674,ONCE UPON A TIME IN BIHAR,5,5
675,ONE,8,8
676,ONE HEART THE AR RAHMAN CONCERT FILM,13,17
677,ONE NIGHT STAND,7,7
678,OOZHAM,12,16
679,OPPAM,28,40
680,ORE MUGHAM,2,2
681,ORU CINEMAKKARAN,1,1
682,ORU KIDAYIN KARUNAI MANU,21,32
683,ORU MEXICAN APARATHA,14,16
684,ORU MUTHASSI GADHA,7,7
685,ORU NAAL IRAVIL,21,28
686,ORU NAAL KOOTHU,26,40
687,ORU SECOND CLASS YATHRA,4,4
688,ORU THOZHAN ORU THOZHI,2,2
689,ORU VADAKKAN SELFIE,33,33
690,OUR BRAND IS CRISIS,5,10
691,OYEE,3,3
692,OZHIVUDIVASATHE KALI,12,12
693,PA PANDI,48,98
694,PAAMBHU SATTAI,7,7
695,PAAVADA,7,10
696,PAGADI AATTAM,7,7
697,PAISA,6,6
698,PAISA VASOOL,7,16
699,PALAKKATTU MADHAVAN IVAN TAMILAN,14,17
700,PALLIKKOODAM POGAAMALAE,2,2
701,PAN,21,28
702,PANDIGAI,7,14
703,PAPANASAM,28,140
704,PAPERBACK HERO,2,2
705,PARANORMAL ACTIVITY THE GHOST DIMENSION,7,7
706,PARANTHU SELLA VAA,14,21
707,PARAVA,7,7
708,PARCHED,1,1
709,PASANGA 2,42,90
710,PASSENGERS,26,41
711,PATAS,7,7
712,PATEL KI PUNJABI SHAADI,6,8
713,PATEL SIR,6,6
714,PATHEMARI,9,9
715,PATRA,2,2
716,PATRIOTS DAY,6,6
717,PATTATHARI,7,7
718,PAZHAYAVANNARAPETAI,7,7
719,PEECHANKAI,14,14
720,PEIGAL JAAKKIRATHAI,13,26
721,PELE BIRTH OF A LEGEND,20,20
722,PELLI CHUPULU,39,48
723,PENCIL,19,27
724,PETE S DRAGON,35,46
725,PHILLAURI,14,23
726,PHOBIA,14,17
727,PICHAIKKARAN,42,57
728,PICHUVA KATHTHI,5,5
729,PICKET 43,7,7
730,PIKU,54,92
731,PINK,42,78
732,PINNEYUM,7,7
733,PIRATES OF THE CARIBBEAN SALAZARS REVENGE,38,68
734,PISSASU,14,42
735,PITCH PERFECT 2,7,7
736,PITTAGODA,2,2
737,PK,57,110
738,PODHUVAGA EMMANASU THANGAM,13,44
739,POINT BREAK,21,24
740,POKIRI SIMON,4,4
741,POKKIRI RAJA,14,21
742,POLTERGEIST,14,23
743,PONGE EZHU MANOHARA,17,17
744,POORNA,12,12
745,POSTER BOYS,7,14
746,POWER RANGERS,7,14
747,PRAGAMIYAM,2,2
748,PREM RATAN DHAN PAYO,28,90
749,PREMAM,193,247
750,PRETHAM,13,13
751,PRIDE AND PREJUDICE AND ZOMBIES,6,6
752,PUGAZH,14,29
753,PULAN VISARANAI 2,7,7
754,PULI,29,121
755,PULIMURUGAN,21,37
756,PULLIKARAN STARA,6,6
757,PUNYALAN PRIVATE LIMITED,7,9
758,PURAMPOKKU ENGIRA PODHUVUDAMAI,21,44
759,PURIYAATHA AANANDHAM PUDHITHAGA AARAMBAM,6,6
760,PURIYAATHA PUTHIR,13,36
761,PUTHANPANAM,5,5
762,PUTHIYA NIYAMAM,20,24
763,PUYALA KILAMBI VAROM,2,2
764,PYAAR KA PUNCHNAMA 2,21,45
765,QAIDI BAND,3,3
766,QARIB QARIB SINGLLE,17,39
767,QISSA,8,8
768,QUEEN OF KATWE,14,14
769,RAABTA,14,23
770,RAAJU GARI GADHI,11,11
771,RAASA MANDHIRI,6,6
772,RAAZ REBOOT,7,15
773,RACE,7,7
774,RADHA,7,7
775,RAEES,30,61
776,RAILROAD TIGERS,6,6
777,RAJA THE GREAT,6,12
778,RAJAMMA AT YAHOO,4,4
779,RAJATHANDHIRAM,51,76
780,RAJINI MURUGAN,36,67
781,RAKSHADHIKARI BAIJU OPPU,7,7
782,RAMALEELA,19,39
783,RAMAN RAGHAV 2 0,13,15
784,RAMANTE EDANTHOTTAM,7,7
785,RANAVIKRAMA,3,3
786,RANGOON,14,33
787,RANGOON TAMIL,24,47
788,RANI PADMINI,7,7
789,RARANDOI VEDUKA CHUDHAM,7,9
790,RASIGARGAL NARPANI MANDRAM,7,7
791,RED DOG,4,4
792,REKKA,28,56
793,REMO,49,118
794,RESIDENT EVIL THE FINAL CHAPTER,6,20
795,REY,6,6
796,RICKSHAWKARAN,2,2
797,RINGS,21,28
798,ROBINSON CRUSOE,7,15
799,ROCK ON 2,7,37
800,ROCK THE KASBAH,5,5
801,ROCKY HANDSOME,15,27
802,ROGUE ONE A STAR WARS STORY,7,14
803,ROMBA NALLAVANDA NEE,2,2
804,ROMEO JULIET,28,67
805,ROOM,7,7
806,ROY,14,37
807,RUBAAI,7,16
808,RUDHRAMADEVI TAMIL,9,19
809,RUDHRAMADEVI TELUGU,5,12
810,RUM,7,9
811,RUN,5,5
812,RUN ALL NIGHT,14,23
813,RUNNING SHAADI,7,7
814,RUSTOM,28,51
815,S O SATYA MURTHY,15,47
816,SAAHASAM,7,13
817,SAALA KHADOOS,14,16
818,SABKI BAJEGI BAND,3,3
819,SACHIN A BILLION DREAMS,28,46
820,SAGAPTHAM,6,12
821,SAITHAN,36,87
822,SAKHAVU,20,26
823,SAN ANDREAS,28,66
824,SAN ANDREAS QUAKE,7,7
825,SANAM RE,7,9
826,SANAM TERI KASAM,14,14
827,SANDAMARUDHAM,25,30
828,SANDIKUTHIRAI,2,2
829,SANGILI BUNGILI KADHAVA THORAE,35,85
830,SANKARA BHARANAM,7,7
831,SANTA BANTA,7,7
832,SAPTAGIRI EXPRESS,7,7
833,SARAVANAN IRUKKA BAYAMAEN,35,95
834,SARBJIT,21,23
835,SARDAAR GABBARSINGH,6,20
836,SARITHIRAM PESU,2,2
837,SARKAR 3,8,17
838,SARRAINODU,21,39
839,SATHIRIYAN,14,23
840,SATHURA ADI 3500,7,7
841,SATHURAM 2,6,6
842,SATHURAN,2,2
843,SAVARIKKADU,2,2
844,SAVITRI,7,7
845,SAWAARI,11,11
846,SCHOOL BUS,6,8
847,SECRET IN THEIR EYES,7,7
848,SECRET SUPERSTAR,32,87
849,SEETHAMMA ANDAALU RAMAIYYA SITHRALU,6,6
850,SELFIE RAAJA,7,12
851,SENJITTALE EN KADHALA,3,3
852,SERNDHU POLAMA,4,4
853,SETHU BOOMI,7,7
854,SETHUPATHI,28,56
855,SEVENTH SON,6,8
856,SHAADI MEIN ZAROOR AANA,7,7
857,SHAANDAAR,19,39
858,SHAB,7,7
859,SHAJAHANUM PAREEKUTTIYUM,7,7
860,SHAMANTHAKAMANI,7,7
861,SHAMITABH,28,83
862,SHARAFAT GAYI TEL LENE,7,7
863,SHATAMANAM BHAVATHI,21,32
864,SHERLOCK TOMS,7,7
865,SHIVAAY,27,69
866,SHIVALINGA,2,2
867,SHIVAM,7,7
868,SHORGUL,8,8
869,SHUBH MANGAL SAVDHAN,28,57
870,SHUT IN,7,7
871,SI III,50,140
872,SICARIO,28,30
873,SIMRAN,14,23
874,SING,13,24
875,SINGH IS BLIING,19,29
876,SIVALINGA,21,52
877,SIVAPPU,4,4
878,SKIPTRACE,6,12
879,SMURFS THE LOST VILLAGE,27,34
880,SNIFF,6,6
881,SNOOPY AND CHARLIE BROWN THE PEANUTS MOVIE,7,23
882,SOAN PAPDI,8,8
883,SOGGADE CHINNI NAYANA,21,32
884,SOLO TAMIL,21,34
885,SONATA,2,2
886,SOWCARPETTAI,7,14
887,SOWKHYAM,8,11
888,SPECTRE,29,94
889,SPEEDUNNODU,7,7
890,SPIDER MAN HOMECOMING,48,83
891,SPL 2,5,5
892,SPLIT,49,67
893,SPOTLIGHT,41,52
894,SPY,28,30
895,SPYDER TAMIL,21,93
896,SPYDER TELUGU,2,8
897,SRIRASTU SUBHAMASTU,7,9
898,STAR TREK BEYOND,14,21
899,STAR WARS THE FORCE AWAKENS,21,60
900,STORKS,49,67
901,SU SU SUDHI VATHMEEKAM,2,2
902,SUBRAMANYAM FOR SALE,1,1
903,SUICIDE SQUAD,28,44
904,SULLY,63,96
905,SULTAN,37,101
906,SUNSHINE MUSIC TOURS AND TRAVELS,5,5
907,SUPREME,8,10
908,SURYA VS SURYA,8,10
909,SURYAKANTHI,4,4
910,SWARNAKKADUVA,6,6
911,SWEETIEE WEDS NRI,7,7
912,SWERVE,2,2
913,TAKE OFF,21,29
914,TAKEN 3,49,66
915,TALVAR,39,51
916,TAMASHA,27,60
917,TAMILSELVANUM THANIYAAR ANJALUM,14,21
918,TANU WEDS MANU RETURNS,66,101
919,TE3N,21,30
920,TEENAGE MUTANT NINJA TURTLES OUT OF THE SHADOWS,14,23
921,TEMPER,14,31
922,TERAA SURROOR,7,7
923,TERE BIN LADEN DEAD OR ALIVE,7,9
924,TERMINATOR GENISYS,27,63
925,TEVAR,14,31
926,THAARAI THAPPATTAI,22,69
927,THAMIZHUKKU ENN ONDRAI AZHUTHAVUM,41,80
928,THANGAMAGAN,27,124
929,THANGARATHAM,7,7
930,THANI ORUVAN,66,94
931,THANK GOD HE MET LIZZIE,1,1
932,THANK YOU FOR YOUR SERVICE,2,2
933,THANU NENU,4,4
934,THAPPU THANDAA,5,5
935,THARAMANI,30,51
936,THARANGAM,6,6
937,THARKAPPU,7,7
938,THE 33,14,17
939,THE 5TH WAVE,14,22
940,THE ACCOUNTANT,42,71
941,THE AGE OF ADALINE,6,6
942,THE ANGRY BIRDS MOVIE,42,75
943,THE BANK,4,4
944,THE BFG,17,23
945,THE BIG SICK,17,20
946,THE BLACK MONEY TRAIL COMMANDO 2,21,28
947,THE BOSS BABY,100,122
948,THE CIRCLE,14,14
949,THE CON ARTISTS,2,2
950,THE CONJURING 2,42,90
951,THE DANISH GIRL,15,18
952,THE DARK TOWER,7,7
953,THE FINEST HOURS,14,21
954,THE FOREIGNER,7,9
955,THE FOUNDER,28,36
956,THE GIRL ON THE TRAIN,28,30
957,THE GOOD DINOSAUR,41,84
958,THE GREAT FATHER,7,9
959,THE GREAT WALL,27,36
960,THE HATEFUL EIGHT,20,23
961,THE HITMANS BODYGUARD,7,9
962,THE HOBBIT: THE BATTLE OF THE FIVE ARMIES,13,30
963,THE HUNGER GAMES MOCKINGJAY PART 2,7,14
964,THE HUNTSMAN WINTERS WAR,16,32
965,THE IMITATION GAME,28,30
966,THE INTERN,30,31
967,THE JUNGLE BOOK,93,210
968,THE LAZARUS EFFECT,5,5
969,THE LEGEND OF MICHAEL MISHRA,6,6
970,THE LEGEND OF TARZAN,7,15
971,THE LEGO BATMAN MOVIE,35,49
972,THE LEGO NINJAGO MOVIE,7,9
973,THE MAGNIFICENT SEVEN,19,28
974,THE MAN WHO KNEW INFINITY,47,53
975,THE MARTIAN,49,72
976,THE MUMMY,15,40
977,THE NUT JOB 2,7,7
978,THE REVENANT,43,61
979,THE SAPPHIRES,3,3
980,THE SECOND BEST EXOTIC MARIGOLD HOTEL,7,7
981,THE SECRET LIFE OF PETS,23,44
982,THE SPACE BETWEEN US,14,14
983,THE SPONGEBOB MOVIE SPONGE OUT OF WATER,34,36
984,THE THEORY OF EVERYTHING,21,21
985,THE WALK,45,68
986,THE WISHING TREE,2,2
987,THE WOMAN IN BLACK 2 ANGEL OF DEATH,12,29
988,THE ZOOKEEPERS WIFE,7,7
989,THEERAN ADHIGARAM ONDRU,13,48
990,THERI,98,296
991,THERU NAAIGAL,2,2
992,THILAGAR,5,5
993,THIRAIKKU VARAADHA KADHAI,7,7
994,THIRANTHIDU SEESE,2,2
995,THIRI,7,7
996,THIRUNAAL,19,42
997,THIRUTTU RAIL,6,6
998,THITHI,2,2
999,THITTIVASAL,7,7
1000,THODARI,22,58
1001,THONDAN,21,37
1002,THONDIMUTHALUM DHRIKSAKSHIYUM,10,12
1003,THOONGAAVANAM,38,155
1004,THOPPI,7,7
1005,THOPPIL JOPPAN,7,7
1006,THOR RAGNAROK,26,82
1007,THOTTAL THODARUM,7,7
1008,THOZHA,69,118
1009,THUNAI MUDHALVAR,7,7
1010,THUPPARIVAALAN,34,104
1011,TIGER,7,7
1012,TITLI,11,11
1013,TOILET EK PREM KATHA,42,63
1014,TOMORROWLAND,28,45
1015,TOURING TALKIES,6,6
1016,TRAFFIC,13,13
1017,TRAIN TO BUSAN,7,7
1018,TRANSFORMERS THE LAST KNIGHT,4,10
1019,TRAPPED,14,16
1020,TRIPLE NINE,7,7
1021,TRISHA ILLANA NAYANTHARA,16,19
1022,TROLLS,7,16
1023,TUBE LIGHT,3,3
1024,TUBELIGHT HINDI,17,52
1025,TUM BIN 2,6,6
1026,TUMHARI SULU,12,20
1027,TUNGABHADRA,3,6
1028,U TURN,4,4
1029,UCHATHULA SHIVA,5,5
1030,UDAHARANAM SUJATHA,5,5
1031,UDTA PUNJAB,28,49
1032,UNAKKENNA VENUM SOLLU,1,1
1033,UNBROKEN,7,9
1034,UNDERWORLD 5 BLOOD WARS,7,24
1035,UNFORGETTABLE,6,8
1036,UNINDIAN,2,2
1037,UNNODU KA,6,12
1038,UPPU KARUVADU,21,34
1039,URIYADI,14,14
1040,URU,15,15
1041,URUMEEN,14,28
1042,URUTHIKOL,7,7
1043,UTTAMA VILLAIN,28,113
1044,UYIRE UYIRE,7,14
1045,VAAIMAI,8,8
1046,VAANAVIL VAAZHKAI,7,9
1047,VAI RAJA VAI,35,109
1048,VAIGAI EXPRESS,7,7
1049,VAJRAM,6,6
1050,VALEBA RAJA,15,27
1051,VALERIAN AND THE CITY OF A THOUSAND PLANETS,7,7
1052,VALIYAVAN,14,42
1053,VALLADESAM,4,4
1054,VANAMAGAN,24,70
1055,VARNAYATHIL ASHANKA,7,9
1056,VEDALAM,38,188
1057,VEERAPPAN,5,5
1058,VEERASIVAJI,21,44
1059,VELAINNU VANTHUTTA VELLAKARAN,49,84
1060,VELIPADINTE PUSTHAKAM,4,4
1061,VELLAI ILLA PATTADHAARI 2,27,83
1062,VELLAIYA IRUKIRAVAN POI SOLLA MAATTAN,15,20
1063,VELLAKKKARA DURAI,14,41
1064,VENDRU VARUVAN,2,2
1065,VETHU VETTU,5,5
1066,VETRIVEL,14,39
1067,VETTAH,7,7
1068,VETTRI VIZHA,7,7
1069,VICEROY'S HOUSE,6,6
1070,VICTORIA AND ABDUL,6,7
1071,VIDAYUTHAM,7,9
1072,VIKRAM VEDHA,89,182
1073,VIL AMBU,14,26
1074,VILLAIN,7,10
1075,VINDHAI,7,7
1076,VIRAIVIL ISAI,2,2
1077,VIRUTHACHALAM,2,2
1078,VISAARANAI,28,54
1079,VISMAYAM,7,7
1080,VIVEGAM,55,216
1081,VIZHITHIRU,7,7
1082,VUNNADI OKATE ZINDAGI,7,9
1083,WAGAH,27,48
1084,WAH TAJ,5,5
1085,WAITING,21,23
1086,WAJAH TUM HO,7,7
1087,WAR DOGS,21,28
1088,WAR FOR THE PLANET OF THE APES,14,23
1089,WARCRAFT,7,15
1090,WAZIR,28,42
1091,WEDDING PULLAV,3,3
1092,WELCOME 2 KARACHI,13,14
1093,WHIPLASH,7,9
1094,WHITE,6,6
1095,WILD,7,9
1096,WILD CARD,7,9
1097,WINNER,7,9
1098,WITHIN,7,7
1099,WOLVES AT THE DOOR,7,14
1100,WONDER WOMAN,51,97
1101,WRECKER,4,4
1102,X MEN APOCALYPSE,28,47
1103,X PAST IS PRESENT,7,9
1104,XXX RETURN OF XANDER CAGE,27,69
1105,YAAGAVARAYINUM NAA KAAKKA,20,35
1106,YAAKKAI,2,2
1107,YAANUM THEEYAVAN,10,18
1108,YAAR IVAN,6,6
1109,YAMAN,21,42
1110,YEIDHAVAN,7,7
1111,YENDHA NERATHILUM,2,2
1112,YENNAI ARINDHAAL,43,178
1113,YEVADE SUBRAMANYAM,12,14
1114,YEVANAVAN,10,10
1115,YOOGAN,14,14
1116,YUDDHAM SHARANAM,6,12
1117,ZERO,14,23
1118,ZOOTOPIA,41,75
1119,ZUBAAN,2,2
